model	tp	fn	fp	mcc	macro-f1	confmat
passer_ensemble	9	13	42	0,23894732855527198	0,6060029446458246	"     0   1
0  768  42
1   13   9"
passer_automl	9	13	42	0,23894732855527198	0,6060029446458246	"     0   1
0  768  42
1   13   9"
allo	7	13	10	0,3498631407843455	0,6741957080940132	"     0   1
0  372  10
1   13   7"
passer_rank	7	15	44	0,17648921439944845	0,5773486133473391	"     0   1
0  766  44
1   15   7"
model5	6	11	14	0,298660389925004	0,6487068338521513	"     0   1
0  452  14
1   11   6"
allositepro	6	11	9			
